3151,2021-05-12,2021-05-12,3,2,Cuti bersama lebaran,Morning,Afternoon,1,1,"{""comments"":[{""type"":""change""",
3153,2021-05-12,2021-05-12,3,6,Cuti bersama lebaran,Morning,Afternoon,1,1,"{""comments"":[{""type"":""change""",
3154,2021-05-12,2021-05-12,3,7,Cuti bersama lebaran,Morning,Afternoon,1,1,"{""comments"":[{""type"":""change""",
3155,2021-05-12,2021-05-12,3,8,Cuti bersama lebaran,Morning,Afternoon,1,1,"{""comments"":[{""type"":""change""",
3156,2021-05-12,2021-05-12,3,11,Cuti bersama lebaran,Morning,Afternoon,1,1,"{""comments"":[{""type"":""change""",
3157,2021-05-12,2021-05-12,3,13,Cuti bersama lebaran,Morning,Afternoon,1,1,"{""comments"":[{""type"":""change""",
3158,2021-05-12,2021-05-13,3,15,Cuti bersama lebaran,Morning,Afternoon,1,1,"{""comments"":[{""type"":""change""",
3159,2021-05-12,2021-05-12,3,16,Cuti bersama lebaran,Morning,Afternoon,1,1,"{""comments"":[{""type"":""change""",
3160,2021-05-12,2021-05-12,3,17,Cuti bersama lebaran,Morning,Afternoon,1,1,"{""comments"":[{""type"":""change""",
3161,2021-05-12,2021-05-12,3,18,Cuti bersama lebaran,Morning,Afternoon,1,1,"{""comments"":[{""type"":""change""",
3162,2021-05-12,2021-05-12,3,19,Cuti bersama lebaran,Morning,Afternoon,1,1,"{""comments"":[{""type"":""change""",
3163,2021-05-12,2021-05-12,3,20,Cuti bersama lebaran,Morning,Afternoon,1,1,"{""comments"":[{""type"":""change""",
3164,2021-05-12,2021-05-12,3,24,Cuti bersama lebaran,Morning,Afternoon,1,1,"{""comments"":[{""type"":""change""",
3165,2021-05-12,2021-05-12,3,25,Cuti bersama lebaran,Morning,Afternoon,1,1,"{""comments"":[{""type"":""change""",
3166,2021-05-12,2021-05-12,3,26,Cuti bersama lebaran,Morning,Afternoon,1,1,"{""comments"":[{""type"":""change""",
3167,2021-05-12,2021-05-12,3,27,Cuti bersama lebaran,Morning,Afternoon,1,1,"{""comments"":[{""type"":""change""",
3168,2021-05-12,2021-05-12,3,29,Cuti bersama lebaran,Morning,Afternoon,1,1,"{""comments"":[{""type"":""change""",
3169,2021-05-12,2021-05-12,3,30,Cuti bersama lebaran,Morning,Afternoon,1,1,"{""comments"":[{""type"":""change""",
3170,2021-05-12,2021-05-12,3,31,Cuti bersama lebaran,Morning,Afternoon,1,1,"{""comments"":[{""type"":""change""",
3171,2021-05-12,2021-05-12,3,32,Cuti bersama lebaran,Morning,Afternoon,1,1,"{""comments"":[{""type"":""change""",
3172,2021-05-12,2021-05-12,3,33,Cuti bersama lebaran,Morning,Afternoon,1,1,"{""comments"":[{""type"":""change""",
3173,2021-05-12,2021-05-12,3,35,Cuti bersama lebaran,Morning,Afternoon,1,1,"{""comments"":[{""type"":""change""",
3174,2021-05-12,2021-05-12,3,36,Cuti bersama lebaran,Morning,Afternoon,1,1,"{""comments"":[{""type"":""change""",
3175,2021-05-12,2021-05-12,3,37,Cuti bersama lebaran,Morning,Afternoon,1,1,"{""comments"":[{""type"":""change""",
3176,2021-05-12,2021-05-12,3,38,Cuti bersama lebaran,Morning,Afternoon,1,1,"{""comments"":[{""type"":""change""",
3177,2021-05-12,2021-05-12,3,39,Cuti bersama lebaran,Morning,Afternoon,1,1,"{""comments"":[{""type"":""change""",
3178,2021-05-12,2021-05-12,3,40,Cuti bersama lebaran,Morning,Afternoon,1,1,"{""comments"":[{""type"":""change""",
3179,2021-05-12,2021-05-12,3,41,Cuti bersama lebaran,Morning,Afternoon,1,1,"{""comments"":[{""type"":""change""",
3180,2021-05-12,2021-05-12,3,45,Cuti bersama lebaran,Morning,Afternoon,1,1,"{""comments"":[{""type"":""change""",
3181,2021-05-12,2021-05-12,3,48,Cuti bersama lebaran,Morning,Afternoon,1,1,"{""comments"":[{""type"":""change""",
3182,2021-05-12,2021-05-12,3,49,Cuti bersama lebaran,Morning,Afternoon,1,1,"{""comments"":[{""type"":""change""",
3183,2021-05-12,2021-05-12,3,51,Cuti bersama lebaran,Morning,Afternoon,1,1,"{""comments"":[{""type"":""change""",
3184,2021-05-12,2021-05-12,3,52,Cuti bersama lebaran,Morning,Afternoon,1,1,"{""comments"":[{""type"":""change""",
3185,2021-05-12,2021-05-12,3,53,Cuti bersama lebaran,Morning,Afternoon,1,1,"{""comments"":[{""type"":""change""",
3186,2021-05-12,2021-05-12,3,54,Cuti bersama lebaran,Morning,Afternoon,1,1,"{""comments"":[{""type"":""change""",
3187,2021-05-12,2021-05-12,3,55,Cuti bersama lebaran,Morning,Afternoon,1,1,"{""comments"":[{""type"":""change""",
3188,2021-05-12,2021-05-12,3,56,Cuti bersama lebaran,Morning,Afternoon,1,1,"{""comments"":[{""type"":""change""",
3189,2021-05-12,2021-05-12,3,57,Cuti bersama lebaran,Morning,Afternoon,1,1,"{""comments"":[{""type"":""change""",
3190,2021-05-12,2021-05-12,3,58,Cuti bersama lebaran,Morning,Afternoon,1,1,"{""comments"":[{""type"":""change""",
3191,2021-05-12,2021-05-12,3,59,Cuti bersama lebaran,Morning,Afternoon,1,1,"{""comments"":[{""type"":""change""",
3192,2021-05-12,2021-05-12,3,60,Cuti bersama lebaran,Morning,Afternoon,1,1,"{""comments"":[{""type"":""change""",
3193,2021-05-12,2021-05-12,3,61,Cuti bersama lebaran,Morning,Afternoon,1,1,"{""comments"":[{""type"":""change""",
3194,2021-05-12,2021-05-12,3,63,Cuti bersama lebaran,Morning,Afternoon,1,1,"{""comments"":[{""type"":""change""",
3195,2021-05-12,2021-05-12,3,64,Cuti bersama lebaran,Morning,Afternoon,1,1,"{""comments"":[{""type"":""change""",
3196,2021-05-12,2021-05-12,3,65,Cuti bersama lebaran,Morning,Afternoon,1,1,"{""comments"":[{""type"":""change""",
3197,2021-05-12,2021-05-12,3,5,Cuti bersama lebaran,Morning,Afternoon,1,1,"{""comments"":[{""type"":""change""",
